{
  "school_name": "Closing Calendar (Sep 4 - Jun 26)",
  "academic_year": "2025-2026",
  "location": "New Jersey",
  "calendar": [
    { "date": "2025-09-01", "classification": "Holiday", "event_name": "Labor Day" },
    { "date": "2025-09-02", "classification": "PD", "event_name": "PD Day" },
    { "date": "2025-09-03", "classification": "PD", "event_name": "PD Day" },
    { "date": "2025-09-23", "classification": "Holiday", "event_name": "Rosh Hashanah" },
    { "date": "2025-09-24", "classification": "Holiday", "event_name": "Rosh Hashanah" },
    { "date": "2025-10-02", "classification": "Holiday", "event_name": "Yom Kippur" },
    { "date": "2025-10-17", "classification": "PD", "event_name": "PD Day" },
    { "date": "2025-10-20", "classification": "Holiday", "event_name": "Diwali" },
    { "date": "2025-11-06", "classification": "Holiday", "event_name": "NJEA" },
    { "date": "2025-11-07", "classification": "Holiday", "event_name": "NJEA" },
    { "date": "2025-11-13", "classification": "Early-Release", "event_name": "Staff PD" },
    { "date": "2025-11-27", "classification": "Holiday", "event_name": "Thanksgiving" },
    { "date": "2025-11-28", "classification": "Holiday", "event_name": "Thanksgiving" },
    { "date": "2025-12-01", "classification": "Early-Release", "event_name": "PT Conferences & Night Conference" },
    { "date": "2025-12-02", "classification": "Early-Release", "event_name": "PT Conferences" },
    { "date": "2025-12-03", "classification": "Early-Release", "event_name": "PT Conferences" },
    { "date": "2025-12-08", "classification": "Early-Release", "event_name": "Staff PD" },
    { "date": "2025-12-23", "classification": "Early-Release", "event_name": "Winter Break" },
    { "date": "2025-12-24", "classification": "Holiday", "event_name": "Winter Break" },
    { "date": "2025-12-25", "classification": "Holiday", "event_name": "Christmas" },
    { "date": "2025-12-26", "classification": "Holiday", "event_name": "Winter Break" },
    { "date": "2025-12-27", "classification": "Holiday", "event_name": "Winter Break" },
    { "date": "2025-12-28", "classification": "Holiday", "event_name": "Winter Break" },
    { "date": "2025-12-29", "classification": "Holiday", "event_name": "Winter Break" },
    { "date": "2025-12-30", "classification": "Holiday", "event_name": "Winter Break" },
    { "date": "2025-12-31", "classification": "Holiday", "event_name": "Winter Break" },
    { "date": "2026-01-01", "classification": "Holiday", "event_name": "New Year's Day" },
    { "date": "2026-01-02", "classification": "Holiday", "event_name": "Winter Break" },
    { "date": "2026-01-16", "classification": "Early-Release", "event_name": "Staff PD" },
    { "date": "2026-01-19", "classification": "Holiday", "event_name": "Martin Luther King, Jr. Day" },
    { "date": "2026-02-12", "classification": "Early-Release", "event_name": "Staff PD" },
    { "date": "2026-02-13", "classification": "PD", "event_name": "PD Day" },
    { "date": "2026-02-16", "classification": "Holiday", "event_name": "Presidents' Day" },
    { "date": "2026-03-09", "classification": "Early-Release", "event_name": "Staff PD" },
    { "date": "2026-03-30", "classification": "Holiday", "event_name": "Spring Break" },
    { "date": "2026-03-31", "classification": "Holiday", "event_name": "Spring Break" },
    { "date": "2026-04-01", "classification": "Holiday", "event_name": "Spring Break" },
    { "date": "2026-04-02", "classification": "Holiday", "event_name": "Spring Break" },
    { "date": "2026-04-03", "classification": "Holiday", "event_name": "Good Friday" },
    { "date": "2026-05-15", "classification": "Early-Release", "event_name": "Staff PD" },
    { "date": "2026-05-25", "classification": "Holiday", "event_name": "Memorial Day" },
    { "date": "2026-05-26", "classification": "PD", "event_name": "Flex PD" },
    { "date": "2026-06-05", "classification": "Early-Release", "event_name": "Staff PD" },
    { "date": "2026-06-19", "classification": "Holiday", "event_name": "Juneteenth" }
  ]
}
